Columna1,0,1,2,3,4,5,6,7,8,9,10,11,12,13,14,15,16,17,18,19,20,21,22,23,24,25,26,27,28,29,30,31,32,33,34,35,36,37,38,39,40,41,42,43,44,45,46,47,48,49,50,51,52,53,54,55,56,57,58,59,60,61,62,63,64,65,66,67,68,69,70,71,72,73,74,75,76,77,78,79,80,81,82,83,84,85,86,87,88,89,90,91,92,93,94,95,96,97,98,99,100,101,102,103,104,105,106,107,108,109,110,111,112,113,114,115,116,117,118,119,120,121,122,123,124,125,126,127,128,129,130,131,132,133,134,135,136,137,138,139,140,141,142,143,144,145,146,147,148,149,150,151,152,153,154,155,156,157,158,159,160,161,162,163,164,165,166,167,168,169,170,171,172,173,174,175,176,177,178,179,180,181,182,183,184,185,186,187,188,189,190
0,A,A,_,_,G,T,A,G,G,A,A,T,_,A,A,T,A,T,C,T,T,A,T,C,_,A,T,_,T,A,T,A,_,G,A,T,A,A,A,A,_,A,C,_,C,_,T,T,C,T,G,A,A,_,T,T,T,G,C,T,T,A,G,_,T,G,T,G,T,A,T,A,C,G,A,C,T,_,A,G,_,A,C,A,T,A,T,A,T,C,A,G,C,_,T,C,G,C,C,G,_,A,T,T,A,T,_,_,T,T,G,G,A,T,T,_,A,_,T,T,C,_,C,C,T,G,_,_,_,_,_,_,_,_,_,_,_,_,_,_,_,_,_,_,_,_,_,_,_,_,_,_,_,_,_,_,_,_,_,_,_,_,_,_,_,_,_,_,_,_,_,_,_,_,_,_,_,_,_,_,_,_,_,_,_,_,_,_,_,_,_
1,C,A,G,T,_,A,A,A,G,A,G,T,_,G,G,A,T,G,T,_,A,A,G,_,A,A,C,C,G,T,C,C,G,A,T,_,C,T,A,C,C,A,G,A,T,G,T,G,A,T,A,G,A,_,G,G,_,T,T,G,C,C,A,G,T,A,_,A,A,A,A,A,_,T,_,T,G,C,A,T,A,A,T,A,A,T,T,G,A,T,T,A,A,T,C,C,T,_,T,T,A,A,T,A,T,T,G,T,T,T,A,G,_,_,_,A,A,T,A,T,A,_,T,C,C,G,T,C,A,G,A,T,A,A,_,T,C,C,_,T,A,A,A,A,_,A,T,A,_,_,A,C,G,A,T,A,T,G,A,_,_,T,G,G,C,G,G,A,A,A,T,C,G,T,C,_,_,_,_,_,_,_,_,_,_,_,_,_,_,_,_
2,C,T,_,T,C,A,_,A,T,T,A,_,C,C,C,T,G,_,C,T,G,A,C,G,_,C,G,A,G,A,T,A,C,C,T,T,A,T,G,C,_,A,T,C,G,A,A,_,G,G,T,A,_,A,_,A,G,_,C,G,A,T,G,A,A,T,T,T,A,T,C,C,A,A,_,_,G,G,T,_,T,T,T,A,A,_,_,T,T,T,G,_,_,_,_,_,_,_,_,_,_,_,_,_,_,_,_,_,_,_,_,_,_,_,_,_,_,_,_,_,_,_,_,_,_,_,_,_,_,_,_,_,_,_,_,_,_,_,_,_,_,_,_,_,_,_,_,_,_,_,_,_,_,_,_,_,_,_,_,_,_,_,_,_,_,_,_,_,_,_,_,_,_,_,_,_,_,_,_,_,_,_,_,_,_,_,_,_,_,_,_
3,A,_,A,G,T,A,G,G,A,A,T,_,A,A,_,T,A,T,C,T,T,_,A,T,C,A,T,T,A,T,A,G,A,T,A,A,A,A,A,C,C,T,T,C,T,G,A,A,_,T,T,_,T,G,C,T,T,A,G,T,G,T,G,T,A,_,T,_,A,C,G,A,C,T,_,A,_,G,_,A,C,A,T,A,T,A,T,C,A,G,C,_,T,C,G,C,C,G,A,T,T,A,T,T,T,_,G,G,A,T,T,A,_,T,T,C,_,C,C,T,G,_,_,_,_,_,_,_,_,_,_,_,_,_,_,_,_,_,_,_,_,_,_,_,_,_,_,_,_,_,_,_,_,_,_,_,_,_,_,_,_,_,_,_,_,_,_,_,_,_,_,_,_,_,_,_,_,_,_,_,_,_,_,_,_,_,_,_,_,_,_
4,C,A,G,T,A,A,A,G,A,G,_,_,_,T,G,G,A,T,G,T,A,A,_,G,A,A,C,C,_,G,T,C,C,G,A,T,C,T,A,C,C,_,A,G,A,T,G,_,T,G,_,A,T,A,G,A,G,G,_,T,T,G,C,C,A,G,T,A,A,_,_,_,A,A,_,A,A,T,T,G,_,_,_,C,A,T,A,A,_,_,T,A,_,A,_,_,_,T,_,T,G,_,A,T,T,A,A,_,T,C,_,C,T,T,_,T,A,A,T,A,T,T,G,T,T,_,T,A,G,A,_,A,T,_,A,T,A,T,C,C,G,T,C,_,A,G,A,T,A,A,T,C,_,C,T,A,A,A,A,A,_,_,T,A,A,C,G,A,T,A,_,T,G,A,T,G,G,_,C,G,G,A,A,_,A,T,C,G,_,T,C
5,_,_,C,T,T,C,A,A,T,T,A,C,C,_,C,T,_,G,C,T,_,G,A,C,G,C,G,A,G,A,_,T,A,_,C,C,T,T,A,T,G,C,A,T,C,G,A,A,G,G,T,A,A,A,G,C,G,A,_,T,G,A,A,T,T,T,A,T,C,C,A,A,_,G,G,T,T,T,T,A,A,T,T,T,G,_,_,_,_,_,_,_,_,_,_,_,_,_,_,_,_,_,_,_,_,_,_,_,_,_,_,_,_,_,_,_,_,_,_,_,_,_,_,_,_,_,_,_,_,_,_,_,_,_,_,_,_,_,_,_,_,_,_,_,_,_,_,_,_,_,_,_,_,_,_,_,_,_,_,_,_,_,_,_,_,_,_,_,_,_,_,_,_,_,_,_,_,_,_,_,_,_,_,_,_,_,_,_,_,_,_
,,,,,,,,,,,,,,,,,,,,,,,,,,,,,,,,,,,,,,,,,,,,,,,,,,,,,,,,,,,,,,,,,,,,,,,,,,,,,,,,,,,,,,,,,,,,,,,,,,,,,,,,,,,,,,,,,,,,,,,,,,,,,,,,,,,,,,,,,,,,,,,,,,,,,,,,,,,,,,,,,,,,,,,,,,,,,,,,,,,,,,,,,,,,,,,
,2,3,2,1,1,1,4,3,2,3,3,2,3,2,1,4,3,3,4,5,2,4,1,2,2,4,2,1,1,3,3,2,1,2,3,3,3,2,5,1,2,3,1,1,2,1,2,1,1,3,1,4,3,2,1,2,2,2,2,4,2,2,3,1,3,2,4,1,1,2,1,4,2,2,1,1,2,1,2,2,2,3,1,4,2,2,3,2,2,1,1,1,1,3,1,3,1,1,1,1,3,3,3,3,1,2,3,4,3,3,1,2,1,3,2,3,3,3,2,3,1,5,1,2,2,2,4,4,4,4,5,4,4,5,5,4,4,4,5,4,4,4,4,5,5,4,4,4,5,5,4,4,5,4,4,4,4,4,4,5,6,5,4,4,4,4,4,4,4,4,5,4,4,4,4,5,5,6,5,5,5,5,5,6,5,5,5,5,6,5,5
,,,,,,,,,,,,,,,,,,,,,,,,,,,,,,,,,,,,,,,,,,,,,,,,,,,,,,,,,,,,,,,,,,,,,,,,,,,,,,,,,,,,,,,,,,,,,,,,,,,,,,,,,,,,,,,,,,,,,,,,,,,,,,,,,,,,,,,,,,,,,,,,,,,,,,,,,,,,,,,,,,,,,,,,,,,,,,,,,,,,,,,,,,,,,,,
 ,,,,,,,,,,,,,,,,,,,,,,,,,,,,,,,,,,,,,,,,,,,,,,,,,,,,,,,,,,,,,,,,,,,,,,,,,,,,,,,,,,,,,,,,,,,,,,,,,,,,,,,,,,,,,,,,,,,,,,,,,,,,,,,,,,,,,,,,,,,,,,,,,,,,,,,,,,,,,,,,,6,,,,,,,,,,,,,,,,,6,,,,,,6,,,,,6,,
